,Movie Title,Percentage of Positive Reviews
0,Make a Selection,0
1,1-900 (1994),60
2,101 Dalmatians (1996),70.64
3,12 Angry Men (1957),99.2
4,187 (1997),68.29
5,2 Days in the Valley (1996),83.87
6,"20,000 Leagues Under the Sea (1954)",91.67
7,2001: A Space Odyssey (1968),90.35
8,"39 Steps, The (1935)",94.92
9,8 1/2 (1963),86.84
10,8 Heads in a Duffel Bag (1997),75
11,8 Seconds (1994),75
12,A Chef in Love (1996),100
13,Above the Rim (1994),80
14,Absolute Power (1997),84.25
15,"Abyss, The (1989)",88.74
16,Ace Ventura: Pet Detective (1994),70.87
17,Ace Ventura: When Nature Calls (1995),62.16
18,Across the Sea of Time (1995),75
19,Addams Family Values (1993),66.67
20,Addicted to Love (1997),77.78
21,"Addiction, The (1995)",36.36
22,"Adventures of Pinocchio, The (1996)",71.79
23,"Adventures of Priscilla, Queen of the Desert, The (1994)",89.19
24,"Adventures of Robin Hood, The (1938)",92.54
25,"Affair to Remember, An (1957)",92.31
26,"African Queen, The (1951)",98.68
27,Afterglow (1997),72.22
28,"Age of Innocence, The (1993)",80
29,Aiqing wansui (1994),100
30,Air Bud (1997),53.49
31,Air Force One (1997),88.17
32,"Air Up There, The (1994)",81.25
33,Airheads (1994),37.5
34,Akira (1988),80
35,Aladdin (1992),92.24
36,Aladdin and the King of Thieves (1996),65.38
37,Alaska (1996),61.54
38,Albino Alligator (1996),66.67
39,Alice in Wonderland (1951),95.06
40,Alien (1979),94.16
41,Alien 3 (1992),57
42,Alien: Resurrection (1997),68.55
43,Aliens (1986),92.25
44,All About Eve (1950),95.45
45,All Dogs Go to Heaven 2 (1996),33.33
46,All Over Me (1997),100
47,All Things Fair (1996),100
48,Alphaville (1965),75
49,Amadeus (1984),97.1
50,Amateur (1994),61.11
51,"Amazing Panda Adventure, The (1995)",50
52,American Buffalo (1996),54.55
53,American Dream (1990),50
54,"American President, The (1995)",90.24
55,American Strays (1996),50
56,"American Werewolf in London, An (1981)",88.89
57,"American in Paris, An (1951)",94
58,Amistad (1997),87.9
59,"Amityville Horror, The (1979)",54.72
60,Amityville II: The Possession (1982),21.43
61,Amos & Andrew (1993),57.89
62,An Unforgettable Summer (1994),75
63,Anaconda (1997),47.37
64,Anastasia (1997),78.79
65,Andre (1994),66.67
66,Angel Baby (1995),75
67,Angel and the Badman (1947),83.33
68,Angela (1995),100
69,Angels and Insects (1995),76.39
70,Angels in the Outfield (1994),76.92
71,Angus (1995),64.29
72,Anna (1996),100
73,Anna Karenina (1997),63.64
74,Anne Frank Remembered (1995),85.71
75,Annie Hall (1977),90
76,Another Stakeout (1993),53.57
77,Antonia's Line (1995),91.3
78,Aparajito (1956),71.43
79,"Apartment, The (1960)",95.24
80,Apocalypse Now (1979),93.21
81,Apollo 13 (1995),95.65
82,"Apostle, The (1997)",85.45
83,"Apple Dumpling Gang, The (1975)",72
84,April Fool's Day (1986),66.67
85,Apt Pupil (1998),96.88
86,"Aristocats, The (1970)",70.37
87,Army of Darkness (1993),81.9
88,Around the World in 80 Days (1956),93.22
89,"Arrival, The (1996)",69.88
90,Arsenic and Old Lace (1944),97.39
91,As Good As It Gets (1997),98.21
92,Assassins (1995),66.67
93,"Assignment, The (1997)",83.33
94,"Associate, The (1996)",75.61
95,Audrey Rose (1977),25
96,Austin Powers: International Man of Mystery (1997),74.62
97,"Awfully Big Adventure, An (1995)",50
98,Ayn Rand: A Sense of Life (1997),71.43
99,B*A*P*S (1997),33.33
100,B. Monkey (1998),100
101,Babe (1995),92.24
102,"Baby-Sitters Club, The (1995)",40
103,"Babysitter, The (1995)",66.67
104,Back to the Future (1985),93.43
105,Backbeat (1993),84.21
106,Bad Boys (1995),77.19
107,Bad Company (1995),22.22
108,Bad Girls (1994),16.67
109,Bad Moon (1996),66.67
110,Bad Taste (1987),68.75
111,"Ballad of Narayama, The (Narayama Bushiko) (1958)",50
112,Balto (1995),68.75
113,Bananas (1971),87.72
114,"Band Wagon, The (1953)",88.89
115,Barb Wire (1996),30
116,Barbarella (1968),53.57
117,Barcelona (1994),69.81
118,Basic Instinct (1992),84.16
119,"Basketball Diaries, The (1995)",75
120,Basquiat (1996),77.27
121,Bastard Out of Carolina (1996),68.75
122,Batman & Robin (1997),46.77
123,Batman (1989),86.07
124,Batman Forever (1995),57.02
125,Batman Returns (1992),57.04
126,Bean (1997),56.04
127,"Beans of Egypt, Maine, The (1994)",100
128,Beat the Devil (1954),100
129,"Beautician and the Beast, The (1997)",45.35
130,Beautiful Girls (1996),83.48
131,Beautiful Thing (1996),93.1
132,Beauty and the Beast (1991),90.1
133,Beavis and Butt-head Do America (1996),62.18
134,Bed of Roses (1996),75
135,Bedknobs and Broomsticks (1971),75.44
136,Before Sunrise (1995),79.59
137,Before and After (1996),69.23
138,Before the Rain (Pred dozhdot) (1994),90
139,Being There (1979),88.79
140,"Believers, The (1987)",37.5
141,Belle de jour (1967),94.59
142,Ben-Hur (1959),92.74
143,Benny & Joon (1993),87.25
144,Bent (1997),50
145,Best Men (1997),60
146,Best of the Best 3: No Turning Back (1995),16.67
147,Better Off Dead... (1985),89.87
148,"Beverly Hillbillies, The (1993)",35
149,Beverly Hills Cop III (1994),42.86
150,Beverly Hills Ninja (1997),52.08
151,"Bewegte Mann, Der (1994)",100
152,Beyond Rangoon (1995),77.78
153,Bhaji on the Beach (1993),62.5
154,"Big Bang Theory, The (1994)",100
155,"Big Blue, The (Grand bleu, Le) (1988)",70.59
156,Big Bully (1996),21.43
157,"Big Green, The (1995)",64.29
158,"Big Lebowski, The (1998)",83.33
159,Big Night (1996),89.47
160,"Big One, The (1997)",100
161,"Big Sleep, The (1946)",91.78
162,"Big Squeeze, The (1996)",50
163,Billy Madison (1995),72.97
164,Bio-Dome (1996),32.26
165,"Birdcage, The (1996)",80.55
166,"Birds, The (1963)",93.83
167,Bitter Moon (1992),70
168,Bitter Sugar (Azucar Amargo) (1996),100
169,Black Beauty (1994),85.19
170,Black Sheep (1996),56.36
171,Blade Runner (1982),94.91
172,Blink (1994),84.21
173,Bliss (1997),42.86
174,"Blob, The (1958)",58.7
175,Blood & Wine (1997),72.73
176,Blood Beach (1981),33.33
177,Blood For Dracula (Andy Warhol's Dracula) (1974),40
178,Bloodsport 2 (1995),20
179,Blown Away (1994),62.07
180,"Blue Angel, The (Blaue Engel, Der) (1930)",100
181,Blue Chips (1994),55.56
182,Blue Sky (1994),91.67
183,Blue in the Face (1995),71.11
184,Blues Brothers 2000 (1998),64.29
185,"Blues Brothers, The (1980)",92.83
186,Bob Roberts (1992),85.88
187,Body Parts (1991),23.08
188,"Body Snatcher, The (1945)",86.36
189,Body Snatchers (1993),69.57
190,Bogus (1996),59.09
191,"Bonheur, Le (1965)",50
192,Bonnie and Clyde (1967),92.62
193,Boogie Nights (1997),82.01
194,Boomerang (1992),68.75
195,"Boot, Das (1981)",95.02
196,Booty Call (1997),39.58
197,Bottle Rocket (1996),77.27
198,Bound (1996),90.7
199,Boxing Helena (1993),33.33
200,Boy's Life 2 (1997),66.67
201,Boys (1996),83.33
202,Boys Life (1995),80
203,"Boys of St. Vincent, The (1993)",76.92
204,Boys on the Side (1995),73.53
205,"Boys, Les (1997)",66.67
206,"Brady Bunch Movie, The (1995)",65.79
207,Braindead (1992),78.57
208,Bram Stoker's Dracula (1992),72.5
209,Brassed Off (1996),93.75
210,Braveheart (1995),93.6
211,Brazil (1985),86.54
212,Bread and Chocolate (Pane e cioccolata) (1973),66.67
213,Breakdown (1997),87.01
214,Breakfast at Tiffany's (1961),87.37
215,Breaking the Waves (1996),85.14
216,Bride of Frankenstein (1935),89.13
217,"Bridge on the River Kwai, The (1957)",96.97
218,"Bridges of Madison County, The (1995)",70.15
219,Bringing Up Baby (1938),89.71
220,Broken Arrow (1996),72.05
221,Broken English (1996),37.5
222,"Bronx Tale, A (1993)",95.83
223,Brother Minister: The Assassination of Malcolm X (1994),60
224,"Brothers McMullen, The (1995)",90.41
225,Brothers in Trouble (1995),100
226,"Browning Version, The (1994)",60
227,Buddy (1997),25
228,Bulletproof (1996),73.47
229,Bullets Over Broadway (1994),89.53
230,Burnt By the Sun (1994),79.17
231,Burnt Offerings (1976),44.44
232,Bushwhacked (1995),14.29
233,Butch Cassidy and the Sundance Kid (1969),95.83
234,"Butcher Boy, The (1998)",100
235,"Bye Bye, Love (1995)",73.33
236,C'est arrivé près de chez vous (1992),50
237,Cabin Boy (1994),50
238,"Cable Guy, The (1996)",43.4
239,Calendar Girl (1993),33.33
240,Canadian Bacon (1994),55.17
241,"Candidate, The (1972)",97.44
242,Candyman (1992),56.92
243,Candyman: Farewell to the Flesh (1995),42.86
244,Cape Fear (1962),89.53
245,Cape Fear (1991),87.13
246,Captives (1994),33.33
247,Career Girls (1997),79.49
248,Carlito's Way (1993),88.89
249,Caro Diario (Dear Diary) (1994),75
250,Carpool (1996),60
251,Carrie (1976),86.78
252,Carried Away (1996),63.64
253,Carrington (1995),76.92
254,Casablanca (1942),99.18
255,Casino (1995),89.01
256,Casper (1995),73.08
257,Cat People (1982),64.58
258,Cat on a Hot Tin Roof (1958),98.39
259,Cats Don't Dance (1997),56.25
260,Caught (1996),87.5
261,Celestial Clockwork (1994),100
262,"Celluloid Closet, The (1995)",91.07
263,Celtic Pride (1996),46.67
264,"Cement Garden, The (1993)",90
265,Cemetery Man (Dellamorte Dellamore) (1994),60.87
266,Century (1993),100
267,Chain Reaction (1996),55
268,Chairman of the Board (1998),44.44
269,"Chamber, The (1996)",76.74
270,Charade (1963),95
271,Chasers (1994),40
272,Chasing Amy (1997),88.13
273,Children of the Corn: The Gathering (1996),10.53
274,Children of the Revolution (1996),80
275,Chinatown (1974),93.2
276,"Christmas Carol, A (1938)",97.1
277,Chungking Express (1994),82.14
278,"Ciao, Professore! (1993)",50
279,Cinderella (1950),92.25
280,Cinema Paradiso (1988),95.04
281,Circle of Friends (1995),88.16
282,Citizen Kane (1941),96.46
283,Citizen Ruth (1996),88.89
284,City Hall (1996),79.75
285,City Slickers II: The Legend of Curly's Gold (1994),54.55
286,City of Angels (1998),75
287,City of Industry (1997),50
288,"City of Lost Children, The (1995)",81.25
289,Clean Slate (1994),50
290,Clean Slate (Coup de Torchon) (1981),50
291,Clear and Present Danger (1994),91.06
292,Clerks (1994),87.84
293,"Client, The (1994)",85.57
294,Cliffhanger (1993),72.04
295,Clockers (1995),78.79
296,"Clockwork Orange, A (1971)",86.43
297,"Close Shave, A (1995)",98.21
298,Clueless (1995),86.47
299,Cobb (1994),66.67
300,Cold Comfort Farm (1995),88.8
301,"Collectionneuse, La (1967)",50
302,"Colonel Chabert, Le (1994)",100
303,Color of Night (1994),46.67
304,Commandments (1997),66.67
305,Con Air (1997),86.13
306,Conan the Barbarian (1981),70.09
307,Condition Red (1995),50
308,Coneheads (1993),41.46
309,Congo (1995),50
310,Conspiracy Theory (1997),82.37
311,Contact (1997),89.19
312,"Contempt (Mépris, Le) (1963)",77.78
313,"Convent, The (Convento, O) (1995)",50
314,"Cook the Thief His Wife & Her Lover, The (1989)",64.63
315,Cool Hand Luke (1967),96.34
316,Cool Runnings (1993),77.94
317,Cop Land (1997),80
318,Cops and Robbersons (1994),46.15
319,Copycat (1995),82.56
320,"Corrina, Corrina (1994)",82.05
321,Cosi (1996),100
322,Courage Under Fire (1996),90.5
323,"Cowboy Way, The (1994)",36.84
324,"Craft, The (1996)",75.96
325,Crash (1996),49.22
326,Crimson Tide (1995),91.56
327,Critical Care (1997),54.55
328,Cronos (1992),70
329,Crooklyn (1994),80
330,Crossfire (1947),100
331,"Crossing Guard, The (1995)",64.29
332,"Crow, The (1994)",82.09
333,"Crow: City of Angels, The (1996)",25.64
334,"Crucible, The (1996)",80.52
335,Crumb (1994),88.89
336,"Cry, the Beloved Country (1995)",83.33
337,"Crying Game, The (1992)",84.87
338,Curdled (1996),75
339,"Cure, The (1995)",83.33
340,Cutthroat Island (1995),44.44
341,Cyclo (1995),100
342,Cyrano de Bergerac (1990),89.39
343,"Cérémonie, La (1995)",100
344,D3: The Mighty Ducks (1996),52.63
345,Dadetown (1995),100
346,"Damsel in Distress, A (1937)",100
347,Dances with Wolves (1990),87.5
348,Dangerous Beauty (1998),92.31
349,Dangerous Ground (1997),25
350,Dangerous Minds (1995),78.72
351,Daniel Defoe's Robinson Crusoe (1996),50
352,Dante's Peak (1997),65.42
353,Dark City (1998),87.5
354,Dave (1993),92.78
355,"Davy Crockett, King of the Wild Frontier (1955)",63.64
356,"Day the Earth Stood Still, The (1951)",93.81
357,"Day the Sun Turned Cold, The (Tianguo niezi) (1994)",50
358,Daylight (1996),61.4
359,Days of Thunder (1990),56.6
360,"Daytrippers, The (1996)",86.67
361,Dazed and Confused (1993),81.25
362,Dead Man (1995),91.18
363,Dead Man Walking (1995),90.3
364,Dead Poets Society (1989),93.23
365,Dead Presidents (1995),66.67
366,Dear God (1996),66.67
367,Death and the Maiden (1994),85.71
368,Death in Brunswick (1991),100
369,Deceiver (1997),55.17
370,Deconstructing Harry (1997),78.46
371,Deep Rising (1998),42.86
372,"Deer Hunter, The (1978)",87.5
373,Delicatessen (1991),92.31
374,Delta of Venus (1994),50
375,Demolition Man (1993),73.91
376,Denise Calls Up (1995),71.43
377,Desert Winds (1995),100
378,"Designated Mourner, The (1997)",28.57
379,Desperado (1995),81.44
380,Desperate Measures (1998),83.33
381,Destiny Turns on the Radio (1995),100
382,Devil in a Blue Dress (1995),85.96
383,"Devil's Advocate, The (1997)",85.11
384,"Devil's Own, The (1997)",76.25
385,Diabolique (1996),57.75
386,Dial M for Murder (1954),98.53
387,Die Hard (1988),93
388,Die Hard 2 (1990),84.94
389,Die Hard: With a Vengeance (1995),78.81
390,"Die xue shuang xiong (Killer, The) (1989)",93.55
391,Dingo (1992),60
392,Dirty Dancing (1987),67.35
393,Disclosure (1994),80
394,Diva (1981),87.88
395,Dolores Claiborne (1994),84.81
396,Don Juan DeMarco (1995),85.53
397,Don't Be a Menace to South Central While Drinking Your Juice in the Hood (1996),62.86
398,Donnie Brasco (1997),95.24
399,"Doom Generation, The (1995)",42.86
400,"Doors, The (1991)",63.04
401,Double Happiness (1994),85.71
402,Double Team (1997),30.77
403,"Double vie de Véronique, La (Double Life of Veronique, The) (1991)",81.82
404,Down Periscope (1996),58.42
405,Down by Law (1986),88.57
406,Dr. Strangelove or: How I Learned to Stop Worrying and Love the Bomb (1963),96.91
407,Dracula: Dead and Loving It (1995),32
408,Dragonheart (1996),74.05
409,Dream With the Fishes (1997),57.14
410,Drop Dead Fred (1991),41.67
411,Drop Zone (1994),58.06
412,Drunks (1995),40
413,Duck Soup (1933),94.62
414,Dumb & Dumber (1994),68.12
415,Dumbo (1941),86.18
416,Dunston Checks In (1996),28.57
417,Duoluo tianshi (1995),66.67
418,E.T. the Extra-Terrestrial (1982),88.33
419,East of Eden (1955),94.92
420,Eat Drink Man Woman (1994),97.5
421,Ed Wood (1994),83.46
422,Ed's Next Move (1996),66.67
423,Eddie (1996),67.5
424,"Edge, The (1997)",89.38
425,"Eighth Day, The (1996)",100
426,Emma (1996),88.7
427,"Empire Strikes Back, The (1980)",95.38
428,Enchanted April (1991),88.57
429,"Endless Summer 2, The (1994)",60
430,"Enfer, L' (1994)",75
431,"English Patient, The (1996)",82.74
432,"Englishman Who Went Up a Hill, But Came Down a Mountain, The (1995)",78.12
433,Entertaining Angels: The Dorothy Day Story (1996),100
434,Eraser (1996),76.21
435,Escape from L.A. (1996),47.25
436,Escape from New York (1981),82.42
437,Escape to Witch Mountain (1975),70
438,Eve's Bayou (1997),79.69
439,Even Cowgirls Get the Blues (1993),40
440,"Evening Star, The (1996)",62.07
441,Event Horizon (1997),50.39
442,Everest (1998),100
443,Everyone Says I Love You (1996),76.79
444,Evil Dead II (1987),79.78
445,Evita (1996),64.86
446,Excess Baggage (1997),46.15
447,Executive Decision (1996),85.99
448,Exit to Eden (1994),68.75
449,Exotica (1994),88.89
450,Extreme Measures (1996),82.81
451,Eye for an Eye (1996),65.62
452,Face/Off (1997),89.69
453,Faces (1968),75
454,Fair Game (1995),36.36
455,FairyTale: A True Story (1997),66.67
456,Faithful (1996),70
457,Fall (1997),33.33
458,Fallen (1998),73.17
459,"Family Thing, A (1996)",95.56
460,"Fan, The (1996)",71.88
461,Fantasia (1940),87.36
462,Far From Home: The Adventures of Yellow Dog (1995),85.71
463,Farewell My Concubine (1993),91.3
464,"Farewell to Arms, A (1932)",100
465,Fargo (1996),93.7
466,Farinelli: il castrato (1994),70.59
467,Farmer & Chase (1995),100
468,"Fast, Cheap & Out of Control (1997)",75
469,Faster Pussycat! Kill! Kill! (1965),57.14
470,Fatal Instinct (1993),63.16
471,Father of the Bride (1950),93.33
472,Father of the Bride Part II (1995),65.62
473,Fathers' Day (1997),54.84
474,Faust (1994),80
475,Fausto (1993),66.67
476,Fear (1996),70.45
477,Fear of a Black Hat (1993),80
478,"Fear, The (1995)",100
479,Fearless (1993),76
480,Feast of July (1995),60
481,Feeling Minnesota (1996),59.38
482,Female Perversions (1996),62.5
483,Field of Dreams (1989),86.79
484,Fierce Creatures (1997),77.08
485,"Fifth Element, The (1997)",81.22
486,"Fille seule, La (A Single Girl) (1995)",100
487,Fire Down Below (1997),56.82
488,Fire on the Mountain (1996),100
489,Firestorm (1998),55.56
490,"Firm, The (1993)",82.12
491,First Kid (1996),70
492,First Knight (1995),67.44
493,"First Wives Club, The (1996)",70
494,"Fish Called Wanda, A (1988)",90.28
495,Fled (1996),52.94
496,Flesh and Bone (1993),50
497,"Flintstones, The (1994)",25.81
498,Flipper (1996),50
499,Flirt (1995),100
500,Flirting With Disaster (1996),90.48
501,"Flower of My Secret, The (Flor de mi secreto, La) (1995)",83.33
502,Flubber (1997),62.26
503,Fluke (1995),42.86
504,Fly Away Home (1996),88.89
505,"Fog, The (1980)",52.17
506,Fools Rush In (1997),75
507,For Ever Mozart (1996),33.33
508,For Love or Money (1993),75
509,For Richer or Poorer (1997),57.14
510,For Whom the Bell Tolls (1943),100
511,For the Moment (1994),33.33
512,"Forbidden Christ, The (Cristo proibito, Il) (1950)",75
513,Forbidden Planet (1956),95.52
514,Foreign Correspondent (1940),100
515,Forget Paris (1995),75.81
516,Forrest Gump (1994),88.47
517,Four Days in September (1997),83.33
518,Four Rooms (1995),65.56
519,Four Weddings and a Funeral (1994),90.84
520,"Fox and the Hound, The (1981)",70.49
521,Foxfire (1996),73.33
522,Frankie Starlight (1995),25
523,Free Willy (1993),48.48
524,Free Willy 2: The Adventure Home (1995),27.27
525,Free Willy 3: The Rescue (1997),22.22
526,Freeway (1996),73.81
527,French Kiss (1995),83.33
528,French Twist (Gazon maudit) (1995),79.49
529,Fresh (1994),100
530,Friday (1995),88.46
531,Fried Green Tomatoes (1991),90.85
532,"Frighteners, The (1996)",78.26
533,Frisk (1995),66.67
534,From Dusk Till Dawn (1996),68.48
535,"Fugitive, The (1993)",96.13
536,Full Metal Jacket (1987),88.82
537,"Full Monty, The (1997)",93.33
538,Full Speed (1996),62.5
539,"Funeral, The (1996)",61.9
540,Funny Face (1957),85.71
541,G.I. Jane (1997),77.71
542,Gabbeh (1996),83.33
543,"Game, The (1997)",85.66
544,Gandhi (1982),97.95
545,Gang Related (1997),56.25
546,"Garden of Finzi-Contini, The (Giardino dei Finzi-Contini, Il) (1970)",95.83
547,Gaslight (1944),97.14
548,"Gate of Heavenly Peace, The (1995)",100
549,Gattaca (1997),86.76
550,"Gay Divorcee, The (1934)",100
551,George of the Jungle (1997),54.94
552,Georgia (1995),70
553,Germinal (1993),75
554,Geronimo: An American Legend (1993),77.78
555,Get Shorty (1995),85.65
556,Get on the Bus (1996),76.32
557,"Getaway, The (1994)",38.89
558,Getting Even with Dad (1994),20
559,Ghost (1990),84.12
560,"Ghost and Mrs. Muir, The (1947)",93.02
561,"Ghost and the Darkness, The (1996)",77.34
562,Ghost in the Shell (Kokaku kidotai) (1995),80.77
563,Ghosts of Mississippi (1996),82.76
564,Giant (1956),94.12
565,Gigi (1958),87.8
566,Girl 6 (1996),60
567,Girls Town (1996),100
568,"Glass Shield, The (1994)",50
569,Glengarry Glen Ross (1992),81.16
570,"Glimmer Man, The (1996)",60.42
571,Glory (1989),97.66
572,Go Fish (1994),80
573,"Godfather, The (1972)",92.98
574,"Godfather: Part II, The (1974)",94.26
575,Gold Diggers: The Secret of Bear Mountain (1995),70
576,Golden Earrings (1947),100
577,GoldenEye (1995),80.92
578,Gone Fishin' (1997),27.27
579,Gone with the Wind (1939),88.95
580,"Good Man in Africa, A (1994)",50
581,Good Will Hunting (1997),96.46
582,"Good, The Bad and The Ugly, The (1966)",93.43
583,GoodFellas (1990),92.04
584,"Goofy Movie, A (1995)",65
585,Grace of My Heart (1996),62.5
586,"Graduate, The (1967)",94.56
587,"Grand Day Out, A (1992)",93.94
588,"Grass Harp, The (1995)",77.78
589,Grateful Dead (1995),75
590,Grease (1978),72.94
591,Grease 2 (1982),20.83
592,"Great Day in Harlem, A (1994)",100
593,"Great Dictator, The (1940)",95.65
594,"Great Escape, The (1963)",95.97
595,Great Expectations (1998),77.78
596,"Great Race, The (1965)",80.65
597,"Great White Hype, The (1996)",69.39
598,Gridlock'd (1997),73.68
599,"Grifters, The (1990)",86.52
600,Grosse Fatigue (1994),75
601,Grosse Pointe Blank (1997),89.38
602,Groundhog Day (1993),91.07
603,Grumpier Old Men (1995),66.22
604,Guantanamera (1994),100
605,Guilty as Sin (1993),33.33
606,Gumby: The Movie (1995),40
607,Hackers (1995),57.58
608,Half Baked (1998),55
609,Halloween: The Curse of Michael Myers (1995),44
610,Hamlet (1996),93.33
611,Hana-bi (1997),100
612,Happy Gilmore (1996),78.52
613,Hard Eight (1996),93.33
614,Hard Rain (1998),64.52
615,Hard Target (1993),55
616,Harlem (1993),50
617,Harold and Maude (1971),91.74
618,Harriet the Spy (1996),65
619,"Hate (Haine, La) (1995)",83.33
620,"Haunted World of Edward D. Wood Jr., The (1995)",86.67
621,He Walked by Night (1948),100
622,Head Above Water (1996),50
623,Hear My Song (1991),87.5
624,Hearts and Minds (1996),80
625,Heat (1995),87
626,Heathers (1989),88.3
627,Heaven & Earth (1993),55.56
628,Heaven's Prisoners (1996),44.44
629,Heavenly Creatures (1994),87.14
630,Heavy (1995),60
631,Heavy Metal (1981),71.23
632,Heavyweights (1994),46.15
633,Heidi Fleiss: Hollywood Madam (1995) ,53.85
634,Hellraiser: Bloodline (1996),27.78
635,Henry V (1989),94.35
636,Herbie Rides Again (1974),45.45
637,Hercules (1997),83.33
638,Hideaway (1995),44.44
639,High Noon (1952),96.59
640,High School High (1996),48.28
641,Higher Learning (1995),73.33
642,Highlander (1986),83.01
643,Highlander III: The Sorcerer (1994),31.25
644,His Girl Friday (1940),100
645,Hollow Reed (1996),33.33
646,Home Alone (1990),69.34
647,Home Alone 3 (1997),26.32
648,Home for the Holidays (1995),68.97
649,Homeward Bound II: Lost in San Francisco (1996),56.25
650,Homeward Bound: The Incredible Journey (1993),77.05
651,Hoodlum (1997),64.38
652,Hoop Dreams (1994),91.45
653,"Horse Whisperer, The (1998)",57.14
654,"Horseman on the Roof, The (Hussard sur le toit, Le) (1995)",100
655,Hot Shots! Part Deux (1993),60.29
656,Hotel de Love (1996),75
657,"Hour of the Pig, The (1993)",100
658,House Arrest (1996),60
659,House Party 3 (1994),22.22
660,"House of Yes, The (1997)",55.56
661,"House of the Spirits, The (1993)",75
662,Houseguest (1994),66.67
663,How to Be a Player (1997),66.67
664,How to Make an American Quilt (1995),85.92
665,"Howling, The (1981)",73.68
666,"Hudsucker Proxy, The (1994)",84.55
667,Hugo Pool (1997),57.14
668,"Hunchback of Notre Dame, The (1996)",82.68
669,"Hunt for Red October, The (1990)",93.83
670,"Hunted, The (1995)",33.33
671,Hurricane Streets (1998),55.56
672,I Can't Sleep (J'ai pas sommeil) (1994),66.67
673,I Don't Want to Talk About It (De eso no se habla) (1993),100
674,I Know What You Did Last Summer (1997),71
675,I Like It Like That (1994),66.67
676,I Love Trouble (1994),50
677,I Shot Andy Warhol (1996),83.78
678,I'll Do Anything (1994),50
679,I'm Not Rappaport (1996),70.59
680,I.Q. (1994),85.19
681,"Ice Storm, The (1997)",82.41
682,If Lucy Fell (1996),62.07
683,Ill Gotten Gains (1997),66.67
684,Immortal Beloved (1994),79.37
685,In & Out (1997),76.52
686,In Love and War (1996),78.57
687,In the Army Now (1994),44.44
688,In the Bleak Midwinter (1995),87.5
689,In the Company of Men (1997),84.85
690,In the Line of Duty 2 (1987),50
691,In the Line of Fire (1993),97.04
692,In the Mouth of Madness (1995),61.54
693,In the Name of the Father (1993),94.12
694,In the Realm of the Senses (Ai no corrida) (1976),22.22
695,Incognito (1997),70
696,Independence Day (ID4) (1996),78.09
697,Indian Summer (1996),75
698,"Indian in the Cupboard, The (1995)",69.23
699,Indiana Jones and the Last Crusade (1989),94.86
700,Infinity (1996),50
701,"Inkwell, The (1994)",100
702,"Innocent Sleep, The (1995)",50
703,"Innocents, The (1961)",100
704,"Inspector General, The (1949)",88.89
705,Interview with the Vampire (1994),76.64
706,Intimate Relations (1996),100
707,Inventing the Abbotts (1997),78.26
708,"Island of Dr. Moreau, The (1996)",35.09
709,It Could Happen to You (1994),91.3
710,It Happened One Night (1934),97.53
711,It Takes Two (1995),66.67
712,It's My Party (1995),85.71
713,It's a Wonderful Life (1946),93.51
714,Jack (1996),72.86
715,Jack and Sarah (1995),28.57
716,"Jackal, The (1997)",71.26
717,Jackie Brown (1997),86.51
718,Jackie Chan's First Strike (1996),78.62
719,Jade (1995),41.18
720,James and the Giant Peach (1996),76.19
721,Jane Eyre (1996),76.19
722,Jason's Lyric (1994),75
723,Jaws (1975),90.36
724,Jaws 2 (1978),56.06
725,Jaws 3-D (1983),25
726,Jean de Florette (1986),96.88
727,Jefferson in Paris (1995),20
728,Jeffrey (1995),88.24
729,"Jerky Boys, The (1994)",66.67
730,Jerry Maguire (1996),89.06
731,Jimmy Hollywood (1994),75
732,Jingle All the Way (1996),38.89
733,Joe's Apartment (1996),35.56
734,Johnny Mnemonic (1995),56.1
735,Johns (1996),100
736,"Journey of August King, The (1995)",25
737,"Joy Luck Club, The (1993)",100
738,Jude (1996),65.22
739,Judge Dredd (1995),66.67
740,Judgment Night (1993),60
741,Jumanji (1995),82.29
742,"Jungle Book, The (1994)",85.88
743,Jungle2Jungle (1997),48.48
744,Junior (1994),75.56
745,Jupiter's Wife (1994),100
746,Jurassic Park (1993),88.51
747,"Juror, The (1996)",68.29
748,Jury Duty (1995),28.57
749,Just Cause (1995),75
750,Kalifornia (1993),71.19
751,Kama Sutra: A Tale of Love (1996),81.82
752,Kansas City (1996),39.13
753,Kaspar Hauser (1993),100
754,Kazaam (1996),30
755,Keys to Tulsa (1997),36
756,Kicked in the Head (1997),57.14
757,Kicking and Screaming (1995),69.23
758,"Kid in King Arthur's Court, A (1995)",68.18
759,Kids (1995),73.47
760,Kids in the Hall: Brain Candy (1996),72.31
761,Killer (Bulletproof Heart) (1994),50
762,Killer: A Journal of Murder (1995),100
763,"Killing Fields, The (1984)",98.35
764,Killing Zoe (1994),87.5
765,Kim (1950),85.71
766,King of the Hill (1993),100
767,Kingpin (1996),72.22
768,"Kiss Me, Guido (1997)",77.42
769,Kiss of Death (1995),70
770,Kiss the Girls (1997),85.31
771,Kissed (1996),66.67
772,Kolya (1996),92.31
773,Koyaanisqatsi (1983),75.47
774,Kull the Conqueror (1997),52.17
775,Kundun (1997),90.48
776,L.A. Confidential (1997),95.96
777,Lady of Burlesque (1943),100
778,Ladybird Ladybird (1994),75
779,Lamerica (1994),75
780,Land Before Time III: The Time of the Great Giving (1995) (V),16.67
781,Land and Freedom (Tierra y libertad) (1995),100
782,Larger Than Life (1996),66.67
783,Lassie (1994),28.57
784,Last Action Hero (1993),59.32
785,Last Dance (1996),66.67
786,"Last Klezmer: Leopold Kozlowski, His Life and Music, The (1995)",75
787,Last Man Standing (1996),52.83
788,Last Summer in the Hamptons (1995),33.33
789,"Last Supper, The (1995)",81.03
790,"Last Time I Committed Suicide, The (1997)",42.86
791,"Last Time I Saw Paris, The (1954)",100
792,"Last of the Mohicans, The (1992)",86.72
793,Late Bloomers (1996),80
794,Laura (1944),97.5
795,Lawnmower Man 2: Beyond Cyberspace (1996),19.05
796,"Lawnmower Man, The (1992)",52.31
797,Lawrence of Arabia (1962),93.64
798,"Lay of the Land, The (1997)",50
799,"Leading Man, The (1996)",75
800,Leave It to Beaver (1997),25
801,Leaving Las Vegas (1995),84.23
802,Legal Deceit (1997),80
803,Legends of the Fall (1994),79.01
804,"Letter From Death Row, A (1998)",100
805,Liar Liar (1997),75.26
806,"Life Less Ordinary, A (1997)",71.7
807,Life with Mikey (1993),57.14
808,Lightning Jack (1994),80
809,Like Water For Chocolate (Como agua para chocolate) (1992),90.54
810,"Line King: Al Hirschfeld, The (1996)",50
811,"Lion King, The (1994)",93.18
812,Little Big League (1994),68.75
813,Little Buddha (1993),77.27
814,Little City (1998),50
815,Little Lord Fauntleroy (1936),83.33
816,Little Odessa (1994),60
817,"Little Princess, A (1995)",90.24
818,"Little Princess, The (1939)",88.89
819,"Little Rascals, The (1994)",66.67
820,Little Women (1994),91.18
821,Live Nude Girls (1995),69.57
822,Living in Oblivion (1995),88.89
823,Loaded (1994),40
824,Local Hero (1983),90.48
825,Loch Ness (1995),50
826,"Locusts, The (1997)",40
827,Lone Star (1996),95.19
828,"Long Kiss Goodnight, The (1996)",83.24
829,Looking for Richard (1996),92.73
830,Lord of Illusions (1995),45.83
831,Losing Chase (1996),87.5
832,Losing Isaiah (1995),66.67
833,Lost Highway (1997),68
834,Lost Horizon (1937),97.06
835,"Lost World: Jurassic Park, The (1997)",67.72
836,Lost in Space (1998),72.22
837,Love & Human Remains (1993),75
838,Love Affair (1994),58.33
839,"Love Bug, The (1969)",68
840,Love Is All There Is (1996),100
841,Love Jones (1997),66.67
842,Love Serenade (1996),50
843,Love and Death on Long Island (1997),50
844,Love and Other Catastrophes (1996),85.71
845,Love and a .45 (1994),87.5
846,Love in the Afternoon (1957),90
847,Love! Valour! Compassion! (1997),76.92
848,Lover's Knot (1996),33.33
849,"Low Down Dirty Shame, A (1994)",50
850,M (1931),95.45
851,M*A*S*H (1970),92.72
852,M. Butterfly (1993),77.78
853,Ma vie en rose (My Life in Pink) (1997),75
854,Mad City (1997),76.6
855,Mad Dog Time (1996),100
856,Mad Love (1995),30.77
857,Madame Butterfly (1995),85.71
858,Made in America (1993),59.26
859,"Madness of King George, The (1994)",93.41
860,Madonna: Truth or Dare (1991),52.94
861,"Magic Hour, The (1998)",80
862,"Magnificent Seven, The (1954)",95.04
863,Major Payne (1994),52.63
864,Malice (1993),80.43
865,Mallrats (1995),79.63
866,"Maltese Falcon, The (1941)",99.28
867,Mamma Roma (1962),100
868,"Man Who Knew Too Little, The (1997)",63.46
869,"Man Who Would Be King, The (1975)",95
870,"Man Without a Face, The (1993)",83.82
871,"Man in the Iron Mask, The (1998)",83.33
872,"Man of No Importance, A (1994)",85.71
873,Man of the House (1995),33.33
874,Man of the Year (1995),88.89
875,"Manchurian Candidate, The (1962)",98.47
876,Manhattan (1979),85.71
877,Manhattan Murder Mystery (1993),88.89
878,Manny & Lo (1996),76.92
879,Manon of the Spring (Manon des sources) (1986),100
880,Margaret's Museum (1995),100
881,"Mark of Zorro, The (1940)",100
882,Marked for Death (1990),50
883,Marlene Dietrich: Shadow and Light (1996) ,100
884,Mars Attacks! (1996),64.06
885,Marvin's Room (1996),89.74
886,Mary Poppins (1964),88.76
887,Mary Reilly (1996),58.97
888,Mary Shelley's Frankenstein (1994),72.88
889,"Mask, The (1994)",77.52
890,"MatchMaker, The (1997)",76.47
891,Matilda (1996),74.74
892,Maverick (1994),89.06
893,Maximum Risk (1996),65
894,Maya Lin: A Strong Clear Vision (1994),100
895,"Maybe, Maybe Not (Bewegte Mann, Der) (1994)",87.5
896,McHale's Navy (1997),36.23
897,Mediterraneo (1991),91.18
898,Meet John Doe (1941),92
899,Meet Me in St. Louis (1944),90.32
900,Meet Wally Sparks (1997),28.57
901,Men With Guns (1997),100
902,Men in Black (1997),90.1
903,Men of Means (1998),50
904,Menace II Society (1993),90
905,Mercury Rising (1998),85.71
906,Metisse (Café au Lait) (1993),50
907,Metro (1997),75
908,Miami Rhapsody (1995),53.33
909,Michael (1996),75.63
910,Michael Collins (1996),85.87
911,Microcosmos: Le peuple de l'herbe (1996),87.5
912,Midnight Dancers (Sibak) (1994),80
913,Midnight in the Garden of Good and Evil (1997),70
914,Mighty Aphrodite (1995),83.15
915,Mighty Morphin Power Rangers: The Movie (1995),45.45
916,Milk Money (1994),64.86
917,Miller's Crossing (1990),87.64
918,Mimic (1997),63.37
919,Mina Tannenbaum (1994),66.67
920,Miracle on 34th Street (1994),89.11
921,Mirage (1995),100
922,"Mirror Has Two Faces, The (1996)",78.79
923,Mission: Impossible (1996),80.52
924,"Misérables, Les (1995)",80.95
925,Mixed Nuts (1994),53.33
926,Moll Flanders (1996),88.1
927,Mondo (1996),66.67
928,Money Talks (1997),59.78
929,Money Train (1995),60.47
930,"Month by the Lake, A (1995)",77.78
931,Monty Python and the Holy Grail (1974),94.3
932,Monty Python's Life of Brian (1979),90.23
933,Moonlight and Valentino (1995),71.43
934,Mortal Kombat (1995),69.39
935,Mortal Kombat: Annihilation (1997),27.91
936,Mother (1996),76.33
937,Mother Night (1996),72.73
938,Mouse Hunt (1997),54.55
939,Mr. Holland's Opus (1995),90.78
940,Mr. Jones (1993),50
941,Mr. Magoo (1997),25
942,Mr. Smith Goes to Washington (1939),96.19
943,Mr. Wonderful (1993),100
944,Mr. Wrong (1996),52.17
945,"Mrs. Brown (Her Majesty, Mrs. Brown) (1997)",93.75
946,Mrs. Dalloway (1997),86.67
947,Mrs. Doubtfire (1993),81.77
948,Mrs. Parker and the Vicious Circle (1994),81.82
949,Mrs. Winterbourne (1996),72.73
950,Much Ado About Nothing (1993),94.89
951,Mulholland Falls (1996),70.73
952,Multiplicity (1996),64.93
953,Muppet Treasure Island (1996),64.29
954,Murder at 1600 (1997),74.31
955,Murder in the First (1995),90
956,"Murder, My Sweet (1944)",88.89
957,Muriel's Wedding (1994),87
958,Mute Witness (1994),82.35
959,My Best Friend's Wedding (1997),79.65
960,My Crazy Life (Mi vida loca) (1993),72.73
961,My Fair Lady (1964),89.6
962,My Family (1995),90.48
963,My Favorite Season (1993),100
964,My Favorite Year (1982),87.1
965,My Fellow Americans (1996),80.23
966,My Left Foot (1989),90.91
967,My Life and Times With Antonin Artaud (En compagnie d'Antonin Artaud) (1993),50
968,My Life as a Dog (Mitt liv som hund) (1985),94.62
969,My Man Godfrey (1936),92.59
970,My Own Private Idaho (1991),86.67
971,Mystery Science Theater 3000: The Movie (1996),81.54
972,Nadja (1994),37.5
973,Naked (1993),68
974,Naked Gun 33 1/3: The Final Insult (1994),62.32
975,National Lampoon's Senior Trip (1995),57.14
976,Natural Born Killers (1994),63.28
977,Nell (1994),85.19
978,Nelly & Monsieur Arnaud (1995),100
979,"Neon Bible, The (1995)",25
980,"Net, The (1995)",72.5
981,"NeverEnding Story III, The (1994)",33.33
982,New Jersey Drive (1995),50
983,New York Cop (1996),50
984,"Newton Boys, The (1998)",50
985,"Next Karate Kid, The (1994)",44.44
986,"Next Step, The (1995)",100
987,Nick of Time (1995),68.18
988,Nico Icon (1995),100
989,Night Falls on Manhattan (1997),81.25
990,Night Flier (1997),100
991,Night of the Living Dead (1968),81.25
992,Night on Earth (1991),88.89
993,"Nightmare Before Christmas, The (1993)",82.52
994,"Nightmare on Elm Street, A (1984)",67.57
995,Nightwatch (1997),66.67
996,Nikita (La Femme Nikita) (1990),93.7
997,Nil By Mouth (1997),25
998,Nina Takes a Lover (1994),66.67
999,Nine Months (1995),75.86
1000,Ninotchka (1939),88.46
1001,Nixon (1995),76.67
1002,No Escape (1994),40
1003,Nobody's Fool (1994),89.13
1004,Normal Life (1996),100
1005,North (1994),42.86
1006,North by Northwest (1959),99.44
1007,"Nosferatu (Nosferatu, eine Symphonie des Grauens) (1922)",83.33
1008,Nosferatu a Venezia (1986),66.67
1009,Nothing to Lose (1994),85.71
1010,Notorious (1946),98.08
1011,Now and Then (1995),91.67
1012,Nowhere (1997),33.33
1013,"Nutty Professor, The (1996)",68.1
1014,Nénette et Boni (1996),83.33
1015,"Object of My Affection, The (1998)",100
1016,Of Human Bondage (1934),80
1017,Of Love and Shadows (1994),66.67
1018,"Old Lady Who Walked in the Sea, The (Vieille qui marchait dans la mer, La) (1991)",40
1019,"Old Man and the Sea, The (1958)",75
1020,Old Yeller (1957),84.38
1021,Oliver & Company (1988),59.09
1022,"Omen, The (1976)",82.35
1023,On Golden Pond (1981),87.74
1024,Once Upon a Time in America (1984),88
1025,Once Upon a Time in the West (1969),92.11
1026,Once Upon a Time... When We Were Colored (1995),75
1027,Once Were Warriors (1994),96.77
1028,One Fine Day (1996),83.04
1029,One Flew Over the Cuckoo's Nest (1975),95.08
1030,One Night Stand (1997),73.33
1031,Only You (1994),79.49
1032,Open Season (1996),50
1033,Operation Dumbo Drop (1995),51.61
1034,Original Gangstas (1996),42.86
1035,Orlando (1993),85.29
1036,Oscar & Lucinda (1997),66.67
1037,Othello (1995),86.11
1038,"Other Voices, Other Rooms (1997)",100
1039,Out to Sea (1997),52.63
1040,Outbreak (1995),81.73
1041,"Outlaw, The (1943)",50
1042,"Pagemaster, The (1994)",33.33
1043,"Pallbearer, The (1996)",36.36
1044,Palmetto (1998),71.43
1045,Palookaville (1996),76.92
1046,Panther (1995),60
1047,"Paper, The (1994)",77.5
1048,Paradise Lost: The Child Murders at Robin Hood Hills (1996),90
1049,Paradise Road (1997),85.71
1050,"Parent Trap, The (1961)",71.23
1051,Paris Is Burning (1990),96.3
1052,Paris Was a Woman (1995),100
1053,"Paris, France (1993)",33.33
1054,"Paris, Texas (1984)",82.61
1055,Party Girl (1995),62.5
1056,Passion Fish (1992),82.14
1057,Pather Panchali (1955),100
1058,Paths of Glory (1957),93.94
1059,Patton (1970),94.85
1060,"Peacemaker, The (1997)",79.41
1061,Penny Serenade (1941),62.5
1062,"People vs. Larry Flynt, The (1996)",87.44
1063,"Perez Family, The (1995)",64.29
1064,"Perfect Candidate, A (1996)",75
1065,"Perfect World, A (1993)",90
1066,Persuasion (1995),90.91
1067,"Pest, The (1997)",37.5
1068,Pete's Dragon (1977),62.79
1069,"Phantom, The (1996)",53.75
1070,Phantoms (1998),30.77
1071,Phat Beach (1996),20
1072,Phenomenon (1996),88.11
1073,Philadelphia (1993),89.78
1074,"Philadelphia Story, The (1940)",95.19
1075,"Piano, The (1993)",83.93
1076,Picnic (1955),94.44
1077,Picture Bride (1995),80
1078,Picture Perfect (1997),70.37
1079,Pie in the Sky (1995),50
1080,"Pillow Book, The (1995)",84.62
1081,Pink Floyd - The Wall (1982),78.07
1082,Pinocchio (1940),92.08
1083,Platoon (1986),88.19
1084,Playing God (1997),48.84
1085,Pocahontas (1995),50.98
1086,Poetic Justice (1993),55.56
1087,Poison Ivy II (1995),30.77
1088,Pollyanna (1960),70.37
1089,"Pompatus of Love, The (1996)",71.43
1090,Ponette (1996),70
1091,"Portrait of a Lady, The (1996)",48
1092,"Postino, Il (1994)",92.9
1093,"Postman, The (1997)",72.41
1094,Powder (1995),72.92
1095,"Preacher's Wife, The (1996)",69.12
1096,Prefontaine (1997),100
1097,Pretty Woman (1990),75.61
1098,"Price Above Rubies, A (1998)",100
1099,Priest (1994),87.5
1100,Primal Fear (1996),91.57
1101,Primary Colors (1998),92.31
1102,"Princess Bride, The (1987)",94.14
1103,Princess Caraboo (1994),86.67
1104,Prisoner of the Mountains (Kavkazsky Plennik) (1996),80
1105,Private Benjamin (1980),68.66
1106,Private Parts (1997),85
1107,"Professional, The (1994)",87.25
1108,"Program, The (1993)",61.29
1109,"Promesse, La (1996)",83.33
1110,"Prophecy II, The (1998)",55
1111,"Prophecy, The (1995)",62.5
1112,Psycho (1960),93.31
1113,Pulp Fiction (1994),89.09
1114,Pump Up the Volume (1990),83.54
1115,Purple Noon (1960),85.71
1116,Pushing Hands (1992),50
1117,"Pyromaniac's Love Story, A (1995)",57.14
1118,"Queen Margot (Reine Margot, La) (1994)",91.67
1119,"Quest, The (1996)",44.44
1120,"Quick and the Dead, The (1995)",70.83
1121,"Quiet Man, The (1952)",98.51
1122,"Quiet Room, The (1996)",100
1123,Quiz Show (1994),93.71
1124,Race the Sun (1996),60
1125,Radioland Murders (1994),75
1126,Raging Bull (1980),93.97
1127,Raiders of the Lost Ark (1981),95.95
1128,"Rainmaker, The (1997)",91.72
1129,Raise the Red Lantern (1991),98.28
1130,Raising Arizona (1987),91.02
1131,Ran (1985),95.71
1132,Ransom (1996),89.89
1133,Ready to Wear (Pret-A-Porter) (1994),22.22
1134,Real Genius (1985),91.6
1135,Reality Bites (1994),68.83
1136,Rear Window (1954),99.04
1137,Rebecca (1940),93.94
1138,Rebel Without a Cause (1955),90
1139,Reckless (1995),62.5
1140,Red Corner (1997),84.21
1141,"Red Firecracker, Green Firecracker (1994)",69.23
1142,Red Rock West (1992),86.54
1143,"Ref, The (1994)",72.41
1144,Relative Fear (1994),33.33
1145,"Relic, The (1997)",52
1146,"Reluctant Debutante, The (1958)",100
1147,"Remains of the Day, The (1993)",90.67
1148,Renaissance Man (1994),65.12
1149,"Rendezvous in Paris (Rendez-vous de Paris, Les) (1995)",66.67
1150,Rent-a-Kid (1995),75
1151,"Replacement Killers, The (1998)",82.05
1152,Reservoir Dogs (1992),91.22
1153,Restoration (1995),83.1
1154,"Return of Martin Guerre, The (Retour de Martin Guerre, Le) (1982)",93.18
1155,Return of the Jedi (1983),93.89
1156,"Return of the Pink Panther, The (1974)",86.96
1157,Rhyme & Reason (1997),40
1158,"Rich Man's Wife, The (1996)",40
1159,Richard III (1995),89.89
1160,Richie Rich (1994),42.86
1161,Ridicule (1996),86.36
1162,"Right Stuff, The (1983)",96.82
1163,Rising Sun (1993),67.44
1164,"River Wild, The (1994)",80.14
1165,"Road to Wellville, The (1994)",41.18
1166,Rob Roy (1995),89.13
1167,Robert A. Heinlein's The Puppet Masters (1994),66.67
1168,Robin Hood: Men in Tights (1993),55.36
1169,Robin Hood: Prince of Thieves (1991),76
1170,Robocop 3 (1993),18.18
1171,"Rock, The (1996)",87.83
1172,Rocket Man (1997),51.02
1173,Roman Holiday (1953),97.06
1174,Romeo Is Bleeding (1993),67.57
1175,Romper Stomper (1992),80
1176,Romy and Michele's High School Reunion (1997),73.47
1177,"Room with a View, A (1986)",92.54
1178,Roommates (1995),84.62
1179,Roseanna's Grave (For Roseanna) (1997),60
1180,Rosencrantz and Guildenstern Are Dead (1990),91.11
1181,Rosewood (1997),89.47
1182,Rough Magic (1995),50
1183,Ruby in Paradise (1993),69.57
1184,Rudy (1993),79.69
1185,"Ruling Class, The (1972)",87.5
1186,Rumble in the Bronx (1995),85.63
1187,"Run of the Country, The (1995)",75
1188,S.F.W. (1994),50
1189,Sabrina (1954),95.31
1190,Sabrina (1995),88.95
1191,Safe (1995),100
1192,Safe Passage (1994),50
1193,"Saint of Fort Washington, The (1993)",100
1194,"Saint, The (1997)",70.25
1195,Salut cousin! (1996),50
1196,"Santa Clause, The (1994)",78.05
1197,Santa with Muscles (1996),100
1198,"Savage Nights (Nuits fauves, Les) (1992)",66.67
1199,"Scarlet Letter, The (1926)",50
1200,"Scarlet Letter, The (1995)",60
1201,Schindler's List (1993),96.64
1202,Schizopolis (1996),75
1203,"Scout, The (1994)",58.33
1204,Scream (1996),81.59
1205,Scream 2 (1997),73.58
1206,Scream of Stone (Schrei aus Stein) (1991),100
1207,Screamers (1995),58.7
1208,"Search for One-eye Jimmy, The (1996)",66.67
1209,Searching for Bobby Fischer (1993),94.2
1210,"Second Jungle Book: Mowgli & Baloo, The (1997)",33.33
1211,"Secret Adventures of Tom Thumb, The (1993)",60
1212,"Secret Agent, The (1996)",83.33
1213,"Secret Garden, The (1993)",91.14
1214,"Secret of Roan Inish, The (1994)",91.55
1215,Secrets & Lies (1996),95.68
1216,Selena (1997),81.25
1217,Sense and Sensibility (1995),94.03
1218,Senseless (1998),42.86
1219,Serial Mom (1994),57.41
1220,Set It Off (1996),78.95
1221,Seven (Se7en) (1995),86.86
1222,Seven Years in Tibet (1997),81.29
1223,"Seventh Seal, The (Sjunde inseglet, Det) (1957)",77.78
1224,"Sex, Lies, and Videotape (1989)",86.14
1225,Sgt. Bilko (1996),54.05
1226,Shadow Conspiracy (1997),61.36
1227,"Shadow, The (1994)",71.11
1228,Shadowlands (1993),96.15
1229,"Shaggy Dog, The (1959)",70
1230,Shall We Dance? (1937),82.35
1231,Shall We Dance? (1996),93.48
1232,Shallow Grave (1994),89.39
1233,Shanghai Triad (Yao a yao yao dao waipo qiao) (1995),76.92
1234,"Shawshank Redemption, The (1994)",97.53
1235,She's So Lovely (1997),60.38
1236,She's the One (1996),69.86
1237,Shiloh (1997),58.33
1238,Shine (1996),93.02
1239,"Shining, The (1980)",88.83
1240,"Shooter, The (1995)",66.67
1241,Shooting Fish (1997),50
1242,Short Cuts (1993),91.04
1243,"Show, The (1995)",50
1244,Showgirls (1995),21.74
1245,"Silence of the Lambs, The (1991)",95.9
1246,"Silence of the Palace, The (Saimt el Qusur) (1994)",100
1247,"Simple Twist of Fate, A (1994)",80
1248,"Simple Wish, A (1997)",33.33
1249,Singin' in the Rain (1952),91.97
1250,Sirens (1994),72.88
1251,Six Degrees of Separation (1993),91.89
1252,"Sixth Man, The (1997)",77.78
1253,Sleeper (1973),85.37
1254,Sleepers (1996),87.57
1255,Sleepless in Seattle (1993),83.1
1256,Sleepover (1995),100
1257,Sliding Doors (1998),40
1258,Sling Blade (1996),97.79
1259,"Slingshot, The (1993)",100
1260,Sliver (1993),40.54
1261,"Smile Like Yours, A (1997)",76
1262,Smilla's Sense of Snow (1997),77.08
1263,Smoke (1995),93.24
1264,Sneakers (1992),89.33
1265,Snow White and the Seven Dwarfs (1937),92.44
1266,So Dear to My Heart (1949),75
1267,So I Married an Axe Murderer (1993),68.42
1268,Solo (1996),16.67
1269,Some Folks Call It a Sling Blade (1993),97.56
1270,Some Kind of Wonderful (1987),98.31
1271,Some Like It Hot (1959),91.41
1272,Some Mother's Son (1996),100
1273,Someone Else's America (1995),100
1274,Something to Talk About (1995),61.54
1275,Somewhere in Time (1980),85.37
1276,Son in Law (1993),46.15
1277,Sophie's Choice (1982),93.1
1278,Soul Food (1997),76.27
1279,"Sound of Music, The (1965)",86.49
1280,Space Jam (1996),64.52
1281,"Spanish Prisoner, The (1997)",100
1282,Spanking the Monkey (1994),77.78
1283,Spawn (1997),52.45
1284,"Specialist, The (1994)",45
1285,Species (1995),62.22
1286,Speechless (1994),77.78
1287,Speed (1994),87.39
1288,Speed 2: Cruise Control (1997),28.95
1289,Spellbound (1945),100
1290,Sphere (1998),65.85
1291,Spice World (1997),34.62
1292,Spirits of the Dead (Tre passi nel delirio) (1968),50
1293,"Spitfire Grill, The (1996)",87.63
1294,Spy Hard (1996),48.84
1295,Squeeze (1996),33.33
1296,Stag (1997),33.33
1297,Stalingrad (1993),66.67
1298,Stalker (1979),72.73
1299,Stand by Me (1986),96.92
1300,Star Kid (1997),100
1301,"Star Maker, The (Uomo delle stelle, L') (1995)",83.33
1302,Star Maps (1997),73.68
1303,Star Trek III: The Search for Spock (1984),76.61
1304,Star Trek IV: The Voyage Home (1986),82.41
1305,Star Trek V: The Final Frontier (1989),42.86
1306,Star Trek VI: The Undiscovered Country (1991),78.26
1307,Star Trek: First Contact (1996),89.86
1308,Star Trek: Generations (1994),81.9
1309,Star Trek: The Motion Picture (1979),70.09
1310,Star Trek: The Wrath of Khan (1982),93.03
1311,Star Wars (1977),95.72
1312,Stargate (1994),74.8
1313,"Stars Fell on Henrietta, The (1995)",33.33
1314,Starship Troopers (1997),73.46
1315,"Steal Big, Steal Little (1995)",57.14
1316,Stealing Beauty (1996),71.88
1317,Steel (1997),36.84
1318,Stephen King's The Langoliers (1995),48.28
1319,"Sting, The (1973)",97.93
1320,Stonewall (1995),100
1321,"Story of Xinghua, The (1993)",80
1322,Strange Days (1995),77.01
1323,Stranger in the House (1997),42.86
1324,"Stranger, The (1994)",66.67
1325,Strawberry and Chocolate (Fresa y chocolate) (1993),72.73
1326,Street Fighter (1994),50
1327,"Streetcar Named Desire, A (1951)",90.82
1328,Strictly Ballroom (1992),96.15
1329,Striking Distance (1993),58.33
1330,Stripes (1981),100
1331,Striptease (1996),35.82
1332,Stuart Saves His Family (1995),43.75
1333,"Stupids, The (1996)",29.41
1334,SubUrbia (1997),100
1335,"Substance of Fire, The (1996)",75
1336,"Substitute, The (1996)",55.1
1337,Sudden Death (1995),61.7
1338,"Sum of Us, The (1994)",81.82
1339,"Sunchaser, The (1996)",100
1340,Sunset Blvd. (1950),96.92
1341,Sunset Park (1996),50
1342,Super Mario Bros. (1993),34.62
1343,Supercop (1992),86.15
1344,Surviving Picasso (1996),73.68
1345,Surviving the Game (1994),63.64
1346,Suture (1993),50
1347,"Swan Princess, The (1994)",57.14
1348,"Sweet Hereafter, The (1997)",86.36
1349,Sweet Nothing (1995),100
1350,Swept from the Sea (1997),42.86
1351,Swimming with Sharks (1995),85.11
1352,Swingers (1996),89.81
1353,Swiss Family Robinson (1960),89.74
1354,Switchback (1997),58.82
1355,Switchblade Sisters (1975),76.92
1356,"Sword in the Stone, The (1963)",92.68
1357,Tainted (1998),100
1358,Tales From the Crypt Presents: Demon Knight (1995),65.12
1359,Tales from the Crypt Presents: Bordello of Blood (1996),56.36
1360,Tales from the Hood (1995),40.74
1361,Talking About Sex (1994),40
1362,"Tango Lesson, The (1997)",84.62
1363,Tank Girl (1995),63.41
1364,Target (1995),100
1365,Taxi Driver (1976),94.51
1366,Telling Lies in America (1997),76.92
1367,Temptress Moon (Feng Yue) (1996),33.33
1368,Terminal Velocity (1994),55.88
1369,Terminator 2: Judgment Day (1991),91.19
1370,"Terminator, The (1984)",92.69
1371,Tetsuo II: Body Hammer (1992),66.67
1372,That Darn Cat! (1965),57.89
1373,That Darn Cat! (1997),41.46
1374,That Old Feeling (1997),81.82
1375,That Thing You Do! (1996),88.07
1376,The Deadly Cure (1996),50
1377,The Innocent (1994),75
1378,Theodore Rex (1995),20
1379,They Made Me a Criminal (1939),100
1380,"Thieves (Voleurs, Les) (1996)",100
1381,"Thin Blue Line, The (1988)",94.29
1382,"Thin Line Between Love and Hate, A (1996)",41.67
1383,"Thin Man, The (1934)",96.67
1384,Things to Do in Denver when You're Dead (1995),76.06
1385,Thinner (1996),51.02
1386,"Third Man, The (1949)",97.22
1387,Thirty-Two Short Films About Glenn Gould (1993),100
1388,This Is Spinal Tap (1984),91.62
1389,"Thousand Acres, A (1997)",78.38
1390,"Three Caballeros, The (1945)",63.64
1391,Three Colors: Blue (1993),93.75
1392,Three Colors: Red (1994),91.57
1393,Three Colors: White (1994),93.22
1394,Three Lives and Only One Death (1996),100
1395,"Three Musketeers, The (1993)",83.15
1396,Three Wishes (1995),66.67
1397,Threesome (1994),67.74
1398,Tie Me Up! Tie Me Down! (1990),84.38
1399,"Tie That Binds, The (1995)",42.86
1400,"Time to Kill, A (1996)",90.52
1401,Timecop (1994),77.42
1402,Tin Cup (1996),76.17
1403,"Tin Drum, The (Blechtrommel, Die) (1979)",87.5
1404,Tin Men (1987),84.31
1405,Titanic (1997),93.43
1406,To Be or Not to Be (1942),88.89
1407,To Catch a Thief (1955),96
1408,To Die For (1995),74.71
1409,To Gillian on Her 37th Birthday (1996),63.64
1410,"To Have, or Not (1995)",50
1411,To Kill a Mockingbird (1962),98.17
1412,To Live (Huozhe) (1994),85.71
1413,"To Wong Foo, Thanks for Everything! Julie Newmar (1995)",68.42
1414,Tokyo Fist (1995),100
1415,Tom & Viv (1994),88.89
1416,Tom and Huck (1995),83.33
1417,Tombstone (1993),89.81
1418,Tommy Boy (1995),68.18
1419,Tomorrow Never Dies (1997),86.11
1420,Top Gun (1986),83.64
1421,Top Hat (1935),85.71
1422,Total Eclipse (1995),50
1423,Touch (1997),66.67
1424,Touch of Evil (1958),97.06
1425,Tough and Deadly (1995),50
1426,Toy Story (1995),92.26
1427,Trainspotting (1996),89.6
1428,"Transformers: The Movie, The (1986)",65.62
1429,Traveller (1997),76.92
1430,"Treasure of the Sierra Madre, The (1948)",96.25
1431,Trees Lounge (1996),78
1432,Trial and Error (1997),52.17
1433,Trial by Jury (1994),57.14
1434,"Trigger Effect, The (1996)",80
1435,True Crime (1995),88.89
1436,True Lies (1994),85.58
1437,True Romance (1993),90.38
1438,"Truman Show, The (1998)",63.64
1439,Trust (1990),89.47
1440,"Truth About Cats & Dogs, The (1996)",88.24
1441,"Truth or Consequences, N.M. (1997)",33.33
1442,Turbo: A Power Rangers Movie (1997),20
1443,Turbulence (1997),52.17
1444,"Turning, The (1992)",50
1445,Twelfth Night (1996),86.21
1446,Twelve Monkeys (1995),89.8
1447,Twilight (1998),50
1448,Twin Town (1997),33.33
1449,Twisted (1996),100
1450,Twister (1996),73.04
1451,Two Bits (1995),40
1452,Two Deaths (1995),50
1453,Two Friends (1986) ,100
1454,Two Much (1996),57.14
1455,Two if by Sea (1996),56
1456,Two or Three Things I Know About Her (1966),75
1457,U Turn (1997),81.25
1458,U.S. Marshalls (1998),77.78
1459,Ulee's Gold (1997),93.48
1460,"Umbrellas of Cherbourg, The (Parapluies de Cherbourg, Les) (1964)",85.71
1461,"Unbearable Lightness of Being, The (1988)",77.17
1462,Under Siege (1992),79.03
1463,Under Siege 2: Dark Territory (1995),52.08
1464,Underground (1995),60
1465,"Underneath, The (1995)",75
1466,Underworld (1997),75
1467,Unforgettable (1996),79.41
1468,Unforgiven (1992),93.96
1469,Unhook the Stars (1996),60
1470,Unstrung Heroes (1995),81.82
1471,Until the End of the World (Bis ans Ende der Welt) (1991),60.87
1472,Unzipped (1995),81.82
1473,Up Close and Personal (1996),74.12
1474,Up in Smoke (1978),85.11
1475,"Usual Suspects, The (1995)",96.63
1476,Vampire in Brooklyn (1995),16.67
1477,"Van, The (1996)",50
1478,Vanya on 42nd Street (1994),85.19
1479,Vegas Vacation (1997),42.67
1480,Vermin (1998),50
1481,Vertigo (1958),97.77
1482,"Very Brady Sequel, A (1996)",43.01
1483,Victor/Victoria (1982),85.71
1484,Village of the Damned (1995),63.64
1485,Virtuosity (1995),57.89
1486,"Visitors, The (Visiteurs, Les) (1993)",50
1487,Volcano (1997),62.56
1488,Wag the Dog (1997),84.67
1489,Waiting for Guffman (1996),100
1490,Waiting to Exhale (1995),56.25
1491,"Walk in the Clouds, A (1995)",76.19
1492,"Walk in the Sun, A (1945)",100
1493,Walkabout (1971),100
1494,"Walking Dead, The (1995)",50
1495,Walking and Talking (1996),87.5
1496,Wallace & Gromit: The Best of Aardman Animation (1996),98.51
1497,"War Room, The (1993)",88.89
1498,"War, The (1994)",73.33
1499,Warriors of Virtue (1997),70
1500,Washington Square (1997),79.41
1501,Waterworld (1995),64.71
1502,Wedding Bell Blues (1996),100
1503,"Wedding Gift, The (1994)",100
1504,"Wedding Singer, The (1998)",83.33
1505,Weekend at Bernie's (1989),51.67
1506,Welcome To Sarajevo (1997),72.73
1507,Welcome to the Dollhouse (1995),86.61
1508,Wes Craven's New Nightmare (1994),54.29
1509,What Happened Was... (1994),50
1510,What's Eating Gilbert Grape (1993),84.35
1511,What's Love Got to Do with It (1993),84.44
1512,When Harry Met Sally... (1989),93.79
1513,When Night Is Falling (1995),100
1514,When We Were Kings (1996),90.91
1515,When a Man Loves a Woman (1994),87.18
1516,When the Cats Away (Chacun cherche son chat) (1996),87.5
1517,While You Were Sleeping (1995),89.51
1518,"White Balloon, The (1995)",60
1519,White Man's Burden (1995),30
1520,White Squall (1996),81.18
1521,"Whole Wide World, The (1996)",100
1522,Widows' Peak (1994),89.47
1523,"Wife, The (1995)",100
1524,Wild America (1997),77.78
1525,Wild Bill (1995),58.33
1526,"Wild Bunch, The (1969)",97.67
1527,Wild Reeds (1994),85.71
1528,Wild Things (1998),45.45
1529,William Shakespeare's Romeo and Juliet (1996),80.19
1530,Willy Wonka and the Chocolate Factory (1971),84.05
1531,Window to Paris (1994),100
1532,Wings of Courage (1995),100
1533,Wings of Desire (1987),91.23
1534,"Wings of the Dove, The (1997)",92
1535,Winnie the Pooh and the Blustery Day (1968),88
1536,"Winter Guest, The (1997)",77.78
1537,Wishmaster (1997),48.15
1538,With Honors (1994),69.57
1539,Withnail and I (1987),69.23
1540,Witness (1985),100
1541,"Wizard of Oz, The (1939)",93.9
1542,Wolf (1994),61.19
1543,"Women, The (1939)",86.67
1544,"Wonderful, Horrible Life of Leni Riefenstahl, The (1993)",100
1545,Wonderland (1997),70
1546,"Wooden Man's Bride, The (Wu Kui) (1994)",66.67
1547,"World of Apu, The (Apur Sansar) (1959)",83.33
1548,"Wrong Trousers, The (1993)",97.46
1549,Wyatt Earp (1994),76
1550,Year of the Horse (1997),57.14
1551,You So Crazy (1994),100
1552,Young Frankenstein (1974),93
1553,Young Guns (1988),84.16
1554,Young Guns II (1990),63.64
1555,"Young Poisoner's Handbook, The (1995)",78.05
1556,'Til There Was You (1997),44.44
